[
  {
    "id": 1,
    "name": "Custom Mug",
    "price": "$12.99",
    "image": "https://via.placeholder.com/300x300.png?text=Mug",
    "description": "High-quality custom printed mug perfect for gifts or personal use.",
    "link": "https://example.com/mug"
  },
  {
    "id": 2,
    "name": "Photo Magnet",
    "price": "$8.99",
    "image": "https://via.placeholder.com/300x300.png?text=Magnet",
    "description": "Square photo magnet that sticks firmly on any metal surface.",
    "link": "https://example.com/magnet"
  },
  {
    "id": 3,
    "name": "Canvas Print",
    "price": "$24.99",
    "image": "https://via.placeholder.com/300x300.png?text=Canvas",
    "description": "Premium canvas print for your wall — add style to your space.",
    "link": "https://example.com/canvas"
  }
]
